iterations, deviation
0, 0.0541811
1, 0.00254634
2, 0.000430183
3, 0.00028796
4, 9.11027e-05
5, 4.72239e-05
6, 0.000110447
7, 3.07242e-05
8, 3.17921e-05
9, 8.28526e-05
10, 6.24237e-05





